bigram,count
gluten free,1844
peanut butter,1396
highly recommend,1317
green tea,1298
cup coffee,1111
grocery store,1076
year old,877
subscribe save,759
dog loves,721
dogs love,717
first time,676
dark chocolate,655
sugar free,655
hard find,644
long time,629
every day,592
high quality,590
years ago,569
coconut oil,557
give try,539
earl grey,496
love love,494
highly recommended,493
black tea,490
green mountain,487
tea bags,473
potato chips,454
little bit,450
hot chocolate,447
olive oil,447
free shipping,445
local grocery,431
coconut water,417
iced tea,411
decided try,387
recommend anyone,381
best tasting,380
ice cream,378
french roast,376
cats love,374
every time,370
coffee maker,369
love stuff,369
grocery stores,368
love coffee,366
hot water,365
grain free,365
tea tea,362
science diet,359
flavored coffee,353
